{
    "na_fc": 15.929661154589828,
    "na_span": 0.01668383159951708,
    "transmission_Q": 3818.8843689067016,
    "transmission_f0": 15.93901841075922,
    "beta": 0.3959208360918528,
    "dl_cm": -0.005,
    "transmission_period": 1.0,
    "reflection_period": 1.0,
    "tuning_period": 0.0,
    "digitization_period": 1.0,
    "widescan_period": 0.0,
    "cavity_length": 15.170673199999982,
    "min_cavity_length": 14.5,
    "max_cavity_length": 16.5,
    "na_transmission_Q_widths": 4.0,
    "na_reflection_Q_widths": 5
}