{
    "na_fc": 15.999393960390686,
    "na_span": 0.01111867694117848,
    "transmission_Q": 5747.063372483725,
    "transmission_f0": 15.999393960390686,
    "beta": 0.5501304641385308,
    "dl_cm": 0.0,
    "transmission_period": 0.0,
    "reflection_period": 0.0,
    "tuning_period": 0.0,
    "digitization_period": 0.0,
    "widescan_period": 0.0,
    "scan_sensors": 1,
    "cavity_length": 13.999991400000003,
    "min_cavity_length": 13.5,
    "max_cavity_length": 16.6,
    "na_transmission_Q_widths": 4.0,
    "na_reflection_Q_widths": 5
}
